{"basemva": 100.0, "ws": 376.99111843077515, "bus_num": [1, 2, 3, 4, 5, 6, 7, 8, 9, 10, 11], "bus_type": [3, 2, 2, 2, 1, 1, 1, 1, 1, 1, 1], "bus_Vm": [1.03, 1.01, 1.03, 1.01, 1.00645, 0.97812, 0.961, 0.94859, 0.97136, 0.98346, 1.00826], "bus_Va": [0.0, -0.17046630804228616, -0.47271370125640416, -0.6505592613761223, -0.11279888422714152, -0.28883802857104557, -0.43562021866376865, -0.67776545375621, -0.9151494306492107, -0.7682852100816439, -0.5883627081520525], "bus_kV": [20.599998474121094, 20.200000762939453, 20.599998474121094, 20.200000762939453, 231.48348999023438, 224.9674072265625, 221.02963256835938, 218.1747283935547, 223.41363525390625, 226.1962890625, 231.89939880371094], "bus_basekV": [20.0, 20.0, 20.0, 20.0, 230.0, 230.0, 230.0, 230.0, 230.0, 230.0, 230.0], "bus_name": ["GEN G1      ", "GEN G2      ", "GEN G3      ", "GEN G4      ", "G1          ", "G2          ", "LOAD A      ", "MID POINT   ", "LOAD B      ", "G4          ", "G3          "], "load_id": ["1 ", "1 "], "load_bus": [7, 9], "load_Z": ["-0j", "-0j"], "load_I": ["0j", "0j"], "load_P": ["(967+100j)", "(1767+100j)"], "load_MW": [967.0, 1767.0], "load_Mvar": [100.0, 100.0], "ibr_bus": [], "ibr_id": [], "ibr_MW": [], "ibr_Mvar": [], "ibr_MVA_base": [], "gen_id": ["1 ", "1 ", "1 ", "1 "], "gen_bus": [1, 2, 3, 4], "gen_S": ["(700.1047973632812+185.06671142578125j)", "(700+234.67649841308594j)", "(719+175.9856414794922j)", "(700+202.07135009765625j)"], "gen_mod": [0, 0, 0, 0], "gen_MW": [700.105, 700.0, 719.0, 700.0], "gen_Mvar": [185.067, 234.676, 175.986, 202.071], "gen_MVA_base": [900.0, 900.0, 900.0, 900.0], "gen_status": [1, 1, 1, 1], "line_from": [5, 6, 7, 7, 8, 8, 9, 10], "line_to": [6, 7, 8, 8, 9, 9, 10, 11], "line_id": ["1 ", "1 ", "1 ", "2 ", "1 ", "2 ", "2 ", "1 "], "line_P": [700.1047973632812, 1387.736083984375, 200.21536254882812, 200.21536254882812, 195.41390991210938, 195.41390991210938, -1385.56884765625, -706.078125], "line_Q": [102.68437957763672, 128.92698669433594, 6.110997676849365, 6.110997676849365, -24.35398292541504, -24.35398292541504, 123.05204010009766, 34.9737434387207], "line_RX": ["(0.0025+0.024999999999999998j)", "(0.001+0.01j)", "(0.011+0.11j)", "(0.011+0.11j)", "(0.011+0.11j)", "(0.011+0.11j)", "(0.001+0.01j)", "(0.0025+0.024999999999999998j)"], "line_chg": [0.04375, 0.0175, 0.1925, 0.1925, 0.1925, 0.1925, 0.0175, 0.04375], "xfmr_from": [5, 6, 11, 10], "xfmr_to": [1, 2, 3, 4], "xfmr_id": ["1 ", "1 ", "1 ", "1 "], "xfmr_P": [700.1047973632812, 700.0, 719.0, 700.0], "xfmr_Q": [185.06671142578125, 234.67649841308594, 175.9856414794922, 202.07135009765625], "xfmr_RX": ["0.016666999999999998j", "0.016666999999999998j", "0.016666999999999998j", "0.016666999999999998j"], "xfmr_k": [1.0, 1.0, 1.0, 1.0], "shnt_bus": [7, 9], "shnt_id": ["1 ", "1 "], "shnt_gb": ["200j", "350j"], "shnt_sw_bus": [], "shnt_sw_gb": []}