{"basemva": 100.0, "ws": 376.99111843077515, "bus_num": [1, 2, 3, 4, 5, 6, 7, 8, 9, 10, 11, 12, 13, 14, 15, 16, 17, 18, 19, 20, 21, 22, 23, 24, 25, 26, 27, 28, 29, 30, 31, 32, 33, 34, 35, 36, 37, 38, 39], "bus_type": [1, 1, 1, 1, 1, 1, 1, 1, 1, 1, 1, 1, 1, 1, 1, 1, 1, 1, 1, 1, 1, 1, 1, 1, 1, 1, 1, 1, 1, 2, 2, 2, 2, 2, 2, 2, 2, 2, 3], "bus_Vm": [1.03332, 1.01197, 0.97592, 0.93724, 0.92623, 0.92789, 0.87191, 0.88896, 0.98407, 0.94372, 0.93701, 0.91819, 0.94122, 0.94048, 0.94151, 0.95827, 0.968, 0.9695, 0.97971, 0.98095, 0.97413, 1.01044, 1.00864, 0.96922, 1.02086, 1.0009, 0.9793, 1.00227, 1.00409, 1.0475, 1.04, 0.9831, 0.9972, 1.0123, 1.0493, 1.0635, 1.0278, 1.0265, 1.03], "bus_Va": [-0.1636874492275402, -0.11509224686426207, -0.16817992672217358, -0.18301348003487342, -0.15797847724426675, -0.1433002582349944, -0.18661583961098968, -0.19899720532463747, -0.19556239735671263, -0.09561088175350138, -0.11180404655350475, -0.11237651454815889, -0.11029782740903366, -0.14464241642977807, -0.15357850219998903, -0.12533209358571282, -0.14608405839192537, -0.16301200680701838, -0.03238458427075478, -0.05759411998656088, -0.07864279076561248, 0.005623450849925729, 0.0015899949485668344, -0.12316963064249184, -0.08946732278648133, -0.11159286171401343, -0.14979986436942133, -0.044474479999319506, 0.008093091741497705, -0.0723910213849688, -0.0009494591130849153, 0.04497364416538988, 0.05874080130512115, 0.03304082806950465, 0.09340478557898053, 0.14292326711656364, 0.029937632659458733, 0.13282653739377645, -0.19128808601857852], "bus_kV": [1.0333173274993896, 1.0119657516479492, 0.9759154915809631, 0.9372394680976868, 0.9262343049049377, 0.9278941750526428, 0.871911883354187, 0.8889561891555786, 0.9840683937072754, 0.9437183141708374, 0.9370119571685791, 0.9181936979293823, 0.9412163496017456, 0.9404756426811218, 0.9415097832679749, 0.9582685828208923, 0.9679957628250122, 0.9694957137107849, 0.9797073006629944, 0.9809526205062866, 0.9741286039352417, 1.0104355812072754, 1.008641004562378, 0.9692174196243286, 1.0208605527877808, 1.00090491771698, 0.9792996644973755, 1.0022659301757812, 1.0040947198867798, 1.0475000143051147, 1.0399999618530273, 0.9830999970436096, 0.9972000122070312, 1.0123000144958496, 1.049299955368042, 1.0635000467300415, 1.0277999639511108, 1.0264999866485596, 1.0299999713897705], "bus_basekV": [1.0, 1.0, 1.0, 1.0, 1.0, 1.0, 1.0, 1.0, 1.0, 1.0, 1.0, 1.0, 1.0, 1.0, 1.0, 1.0, 1.0, 1.0, 1.0, 1.0, 1.0, 1.0, 1.0, 1.0, 1.0, 1.0, 1.0, 1.0, 1.0, 1.0, 1.0, 1.0, 1.0, 1.0, 1.0, 1.0, 1.0, 1.0, 1.0], "bus_name": ["            ", "            ", "            ", "            ", "            ", "            ", "            ", "            ", "            ", "            ", "            ", "            ", "            ", "            ", "            ", "            ", "            ", "            ", "            ", "            ", "            ", "            ", "            ", "            ", "            ", "            ", "            ", "            ", "            ", "            ", "            ", "            ", "            ", "            ", "            ", "            ", "            ", "            ", "            "], "load_id": ["1 ", "1 ", "1 ", "1 ", "1 ", "1 ", "1 ", "1 ", "1 ", "1 ", "1 ", "1 ", "1 ", "1 ", "1 ", "1 ", "1 ", "1 ", "1 "], "load_bus": [3, 4, 7, 8, 12, 15, 16, 18, 20, 21, 23, 24, 25, 26, 27, 28, 29, 31, 39], "load_Z": ["-0j", "-0j", "-0j", "-0j", "-0j", "-0j", "-0j", "-0j", "-0j", "-0j", "-0j", "-0j", "-0j", "-0j", "-0j", "-0j", "-0j", "-0j", "-0j"], "load_I": ["0j", "0j", "0j", "0j", "0j", "0j", "0j", "0j", "0j", "0j", "0j", "0j", "0j", "0j", "0j", "0j", "0j", "0j", "0j"], "load_P": ["(322+2.4000000953674316j)", "(500+184j)", "(233.8000030517578+839.9999389648438j)", "(522+176j)", "(8.5+88j)", "(320+153j)", "(329.3999938964844+323j)", "(158+30.000001907348633j)", "(680+103j)", "(274+115j)", "(247.49998474121094+84.5999984741211j)", "(308.6000061035156-92.19999694824219j)", "(224+47.20000076293945j)", "(139+17j)", "(281+75.5j)", "(206+27.599998474121094j)", "(283.5+126.90000915527344j)", "(9.199999809265137+4.599999904632568j)", "(1104+250j)"], "load_MW": [322.0, 500.0, 233.8, 522.0, 8.5, 320.0, 329.4, 158.0, 680.0, 274.0, 247.5, 308.6, 224.0, 139.0, 281.0, 206.0, 283.5, 9.2, 1104.0], "load_Mvar": [2.4, 184.0, 839.9999, 176.0, 88.0, 153.0, 323.0, 30.0, 103.0, 115.0, 84.6, -92.2, 47.2, 17.0, 75.5, 27.6, 126.9, 4.6, 250.0], "ibr_bus": [], "ibr_id": [], "ibr_MW": [], "ibr_Mvar": [], "ibr_MVA_base": [], "gen_id": ["G ", "G ", "G ", "G ", "G ", "G ", "G ", "G ", "G ", "G "], "gen_bus": [30, 31, 32, 33, 34, 35, 36, 37, 38, 39], "gen_S": ["(250+210.98580932617188j)", "(572.9299926757812+655.8502197265625j)", "(650+239.34576416015625j)", "(632+120.23330688476562j)", "(508+173.5374755859375j)", "(650+313.7247619628906j)", "(560+243.523193359375j)", "(540+48.979251861572266j)", "(830+156.19740295410156j)", "(1011.0797729492188+327.50811767578125j)"], "gen_mod": [0, 0, 0, 0, 0, 0, 0, 0, 0, 0], "gen_MW": [250.0, 572.93, 650.0, 632.0, 508.0, 650.0, 560.0, 540.0, 830.0, 1011.08], "gen_Mvar": [210.986, 655.85, 239.346, 120.233, 173.537, 313.725, 243.523, 48.979, 156.197, 327.508], "gen_MVA_base": [1000.0, 1000.0, 1000.0, 1000.0, 1000.0, 1000.0, 1000.0, 1000.0, 1000.0, 2000.0], "gen_status": [1, 1, 1, 1, 1, 1, 1, 1, 1, 1], "line_from": [1, 1, 2, 2, 3, 3, 4, 4, 5, 5, 6, 6, 7, 8, 9, 10, 10, 13, 14, 15, 16, 16, 16, 16, 17, 17, 21, 22, 23, 25, 26, 26, 26, 28], "line_to": [2, 39, 3, 25, 4, 18, 5, 14, 6, 8, 7, 11, 8, 9, 39, 11, 13, 14, 15, 16, 17, 19, 21, 24, 18, 27, 22, 23, 24, 26, 27, 28, 29, 29], "line_id": ["1 ", "1 ", "1 ", "1 ", "1 ", "1 ", "1 ", "1 ", "1 ", "1 ", "1 ", "1 ", "1 ", "1 ", "1 ", "1 ", "1 ", "1 ", "1 ", "1 ", "1 ", "1 ", "1 ", "1 ", "1 ", "1 ", "1 ", "1 ", "1 ", "1 ", "1 ", "1 ", "1 ", "1 "], "line_P": [-117.90994262695312, 117.90994262695312, 365.9327087402344, -234.44430541992188, 74.26405334472656, -32.64178466796875, -163.9628143310547, -262.2575988769531, -486.57513427734375, 322.2887878417969, 416.37945556640625, -339.77728271484375, 179.29591369628906, -22.943992614746094, -24.51849365234375, 343.96759033203125, 306.03240966796875, 299.6523742675781, 35.85393142700195, -284.1733093261719, 206.92562866210938, -450.7514953613281, -327.7906799316406, -42.966712951660156, 190.96311950683594, 15.528599739074707, -602.7906494140625, 43.83127975463867, 354.669921875, 75.57384490966797, 266.75048828125, -140.61441040039062, -189.8351287841797, -347.4723205566406], "line_Q": [29.424137115478516, -29.424131393432617, 206.1402130126953, 82.6292495727539, 162.60121154785156, 39.720149993896484, 87.06056213378906, -8.288312911987305, -20.003095626831055, 285.11993408203125, 540.8549194335938, -74.89058685302734, -340.3327941894531, -246.4842529296875, -237.884765625, 114.63713836669922, 25.423885345458984, -22.26201057434082, -23.47954559326172, -144.3998565673828, -124.92552185058594, -61.54549789428711, -97.31797790527344, -178.72898864746094, -38.54808807373047, -79.4454116821289, -205.4036865234375, 6.811775207519531, 94.66447448730469, 29.626495361328125, 114.56755065917969, -24.43304443359375, -27.8348331451416, 16.77788543701172],