{"basemva": 100.0, "ws": 376.99111843077515, "bus_num": [1, 2, 3, 4, 5, 6, 7, 8, 9], "bus_type": [3, 2, 2, 1, 1, 1, 1, 1, 1], "bus_Vm": [1.04, 1.025, 1.025, 1.02579, 0.99563, 1.01265, 1.02577, 1.01588, 1.03235], "bus_Va": [0.0, 0.16196655458507375, 0.08141611894703148, -0.0386904588582103, -0.06961769320354981, -0.06435727083803891, 0.06492101218643308, 0.012697270308258747, 0.03432539039897248], "bus_kV": [17.15999984741211, 18.44999885559082, 14.144999504089355, 235.93142700195312, 228.9951629638672, 232.91062927246094, 235.92697143554688, 233.6530303955078, 237.44119262695312], "bus_basekV": [16.5, 18.0, 13.800000190734863, 230.0, 230.0, 230.0, 230.0, 230.0, 230.0], "bus_name": ["BUS 1       ", "BUS 2       ", "BUS 3       ", "BUS 4       ", "BUS 5       ", "BUS 6       ", "BUS 7       ", "BUS 8       ", "BUS 9       "], "load_id": ["1 ", "1 ", "1 "], "load_bus": [5, 6, 8], "load_Z": ["-0j", "-0j", "-0j"], "load_I": ["0j", "0j", "0j"], "load_P": ["(125+50j)", "(90+30.000001907348633j)", "(100+35j)"], "load_MW": [125.0, 90.0, 100.0], "load_Mvar": [50.0, 30.0, 35.0], "ibr_bus": [], "ibr_id": [], "ibr_MW": [], "ibr_Mvar": [], "ibr_MVA_base": [], "gen_id": ["1 ", "1 ", "1 "], "gen_bus": [1, 2, 3], "gen_S": ["(71.6410140991211+27.045207977294922j)", "(163+6.653497219085693j)", "(85-10.859969139099121j)"], "gen_mod": [0, 0, 0], "gen_MW": [71.641, 163.0, 85.0], "gen_Mvar": [27.045, 6.653, -10.86], "gen_MVA_base": [150.0, 250.0, 100.0], "gen_status": [1, 1, 1], "line_from": [4, 4, 5, 6, 7, 8], "line_to": [5, 6, 7, 9, 8, 9], "line_id": ["1 ", "1 ", "1 ", "1 ", "1 ", "1 "], "line_P": [40.93735122680664, 30.703662872314453, -84.32015991210938, -59.462738037109375, 76.37986755371094, -24.095417022705078], "line_Q": [22.893224716186523, 1.0292067527770996, -11.312639236450195, -13.45637321472168, -0.7973670959472656, -24.295854568481445], "line_RX": ["(0.01+0.08499999999999999j)", "(0.016999999999999998+0.092j)", "(0.032+0.161j)", "(0.039+0.16999999999999998j)", "(0.008499999999999999+0.072j)", "(0.011899999999999999+0.1008j)"], "line_chg": [0.176, 0.15801, 0.306, 0.358, 0.149, 0.209], "xfmr_from": [4, 7, 9], "xfmr_to": [1, 2, 3], "xfmr_id": ["1 ", "1 ", "1 "], "xfmr_P": [71.6410140991211, 163.0, 85.0], "xfmr_Q": [27.045207977294922, 6.653497219085693, -10.859969139099121], "xfmr_RX": ["0.0576j", "0.0625j", "0.0586j"], "xfmr_k": [1.0, 1.0, 1.0], "shnt_bus": [], "shnt_id": [], "shnt_gb": [], "shnt_sw_bus": [], "shnt_sw_gb": []}